bridge_id,degree,num_neighbors,component_increase,disconnected_nodes,k_hop_nodes,indirect_damage_score
BR_0293,2880,2880,1214,1214,2889,88.98740935532712
BR_0457,2747,2747,1099,1099,2766,81.75800076221802
BR_0384,3131,3131,911,911,3205,75.08484336130539
BR_0385,2254,2254,822,822,2283,62.85693813365282
BR_0294,2094,2094,565,565,2101,47.68625032705402
BR_0297,1023,1023,726,726,1035,47.40564532338012
BR_0213,3410,3410,305,305,3458,44.86951932608689
BR_0239,3132,3132,312,312,3208,43.02859899572588
BR_0337,4185,4185,0,0,4235,35.0
BR_0487,4014,4014,3,3,4063,33.73310192414762
BR_0434,2982,2982,107,107,3019,30.66508558280207
BR_0489,3641,3641,0,0,3712,30.544386006853138
BR_0383,3597,3597,0,0,3668,30.177982309347357
BR_0382,3499,3499,0,0,3565,29.344170850266956
BR_0393,3478,3478,0,0,3545,29.17284245756634
BR_0241,2960,2960,76,76,2987,28.78662043471634
BR_0198,3402,3402,0,0,3456,28.493864052912585
BR_0392,3386,3386,0,0,3450,28.396087337636466
BR_0391,3373,3373,0,0,3437,28.287831699737033
BR_0381,3279,3279,10,10,3324,27.973104376478474
BR_0390,3323,3323,0,0,3369,27.807634074428243
BR_0388,3269,3269,0,0,3302,27.311857518527372
BR_0240,3113,3113,21,21,3142,27.122987674149297
BR_0444,2657,2657,77,77,2713,26.419810225300672
BR_0488,3161,3161,0,0,3192,26.405410789704362
BR_0209,3122,3122,0,0,3157,26.094828273169178
BR_0441,1582,1582,237,237,1602,25.906963713774125
BR_0380,3025,3025,9,9,3056,25.75476835910316
BR_0646,2263,2263,121,121,2311,25.466311301871293
BR_0199,3032,3032,0,0,3088,25.419834249741015
BR_0628,1681,1681,210,210,1712,25.32474485847439
BR_0208,2949,2949,4,4,2990,24.889640188713948
BR_0594,2975,2975,0,0,3014,24.88489122639254
BR_0490,2913,2913,5,5,2994,24.785241326816017
BR_0486,2905,2905,4,4,2946,24.52323649120817
BR_0435,2904,2904,0,0,2944,24.297194995617183
BR_0200,2758,2758,0,0,2814,23.138138497091404
BR_0491,2719,2719,0,0,2764,22.774364491194518
BR_0627,2714,2714,0,0,2749,22.697266714479245
BR_0492,2702,2702,0,0,2745,22.62570722766754
BR_0461,2693,2693,0,0,2748,22.593314208303447
BR_0210,2650,2650,0,0,2714,22.26715276117619
BR_0396,2637,2637,0,0,2676,22.07024464100725
BR_0215,2551,2551,6,6,2589,21.67179791953598
BR_0406,2542,2542,0,0,2597,21.33588333731771
BR_0214,2545,2545,0,0,2582,21.297035620368156
BR_0216,2537,2537,0,0,2575,21.23396286556698
BR_0304,1939,1939,91,91,1964,21.080427130918626
BR_0278,423,423,326,326,428,20.9676046175762
BR_0211,2471,2471,0,0,2532,20.765917602996254
BR_0288,2468,2468,0,0,2523,20.71965893696709
BR_0493,2466,2466,1,1,2509,20.713993041839416
BR_0642,2371,2371,12,12,2426,20.55440944971822
BR_0173,2414,2414,0,0,2452,20.209697983903098
BR_0171,2411,2411,0,0,2449,20.184715913618618
BR_0172,2406,2406,0,0,2444,20.14307912981114
BR_0170,2406,2406,0,0,2444,20.14307912981114
BR_0494,2357,2357,7,7,2399,20.124017114853757
BR_0645,1550,1550,127,127,1572,19.75795940867319
BR_0238,1914,1914,67,67,1935,19.573050577485844
BR_0462,2328,2328,0,0,2358,19.465176508088295
BR_0397,2321,2321,0,0,2354,19.41752330863017
BR_0460,2306,2306,0,0,2361,19.37062714160491
BR_0484,2309,2309,0,0,2348,19.338871623236912
BR_0292,2145,2145,24,24,2171,19.212094060803892
BR_0485,2278,2278,2,2,2317,19.187807583399927
BR_0605,2253,2253,0,0,2281,18.83353255239461
BR_0464,801,801,226,226,816,18.796605477861213
BR_0644,2227,2227,0,0,2258,18.627659574468083
BR_0207,2126,2126,0,0,2175,17.850426328791137
BR_0291,1982,1982,20,20,2031,17.722127152829444
BR_0358,1788,1788,51,51,1812,17.67776976525496
BR_0408,2116,2116,0,0,2138,17.671408080325126
BR_0289,2103,2103,0,0,2154,17.665989321858316
BR_0495,2042,2042,9,9,2075,17.57606886113519
BR_0407,2102,2102,0,0,2125,17.55837118495498
BR_0204,2083,2083,0,0,2146,17.541995378117782
BR_0206,2082,2082,0,0,2145,17.533668021356284
BR_0205,2077,2077,0,0,2137,17.481392939676468
BR_0290,2062,2062,0,0,2112,17.321021595346245
BR_0387,2061,2061,0,0,2100,17.273687146386166
BR_0614,2025,2025,0,0,2075,17.01290939517093
BR_0203,2010,2010,0,0,2061,16.891545143039284
BR_0475,1972,1972,0,0,2023,16.575105586102477
BR_0478,1876,1876,14,14,1940,16.57136676616461
BR_0202,1971,1971,0,0,2020,16.559686030759423
BR_0637,1979,1979,0,0,2003,16.537652402581877
BR_0386,1887,1887,11,11,1916,16.378228185709713
BR_0201,1922,1922,1,1,1971,16.205187559330852
BR_0474,1836,1836,12,12,1888,16.08863528444609
BR_0409,1912,1912,2,2,1936,16.086803519331077
BR_0410,1916,1916,0,0,1939,16.009482827316916
BR_0615,1910,1910,0,0,1933,15.959518686747948
BR_0412,1864,1864,0,0,1887,15.57646027571918
BR_0411,1854,1854,1,1,1878,15.55027481727969
BR_0616,1839,1839,0,0,1862,15.368276356681807
BR_0398,1744,1744,0,0,1774,14.60200015937525
BR_0414,1722,1722,4,4,1742,14.597505357253272
BR_0617,1744,1744,0,0,1765,14.570085265758227
BR_0638,1731,1731,0,0,1752,14.461829627858794
BR_0413,1716,1716,2,2,1738,14.447549395496507
BR_0212,1708,1708,0,0,1772,14.422782691847956
BR_0183,1701,1701,0,0,1768,14.375129492389833
BR_0465,1567,1567,24,24,1586,14.374059157624353
BR_0184,1682,1682,0,0,1749,14.216909713921428
BR_0182,1678,1678,0,0,1745,14.183600286875448
BR_0626,1669,1669,0,0,1701,13.984540600844689
BR_0399,1667,1667,0,0,1696,13.95724758944936
BR_0360,422,422,192,192,439,13.827201127757114
BR_0374,1404,1404,32,32,1425,13.452128283159666
BR_0174,1568,1568,0,0,1602,13.150569766515261
BR_0175,1567,1567,0,0,1601,13.142242409753765
BR_0181,1534,1534,0,0,1599,12.977368714638615
BR_0359,1058,1058,71,71,1082,12.66963952705723
BR_0298,1500,1500,0,0,1529,12.566579010279703
BR_0395,1457,1457,4,4,1511,12.511323191343639
BR_0625,1137,1137,55,55,1164,12.481466850932811
BR_0400,1483,1483,0,0,1513,12.42856004462507
BR_0277,756,756,111,111,788,12.32482697479915
BR_0389,1458,1458,0,0,1488,12.220376125587697
BR_0639,1344,1344,18,18,1365,12.20289873908447
BR_0466,1455,1455,0,0,1470,12.14220256594151
BR_0254,342,342,169,169,355,11.91536196232679
BR_0420,1387,1387,0,0,1409,11.600765001195313
BR_0537,1383,1383,0,0,1408,11.578093872021675
BR_0480,1378,1378,0,0,1407,11.55064148537732
BR_0440,1379,1379,0,0,1398,11.523507849231013
BR_0180,1355,1355,0,0,1421,11.490317953621805
BR_0538,1370,1370,0,0,1397,11.4769304327038
BR_0419,1365,1365,0,0,1386,11.414017053151646
BR_0640,1359,1359,0,0,1376,11.349868515419555
BR_0606,1347,1347,0,0,1378,11.299585624352538
BR_0179,1298,1298,0,0,1364,11.015658618216593
BR_0185,1298,1298,0,0,1363,11.012112518925811
BR_0539,1306,1306,1,1,1329,10.983337212689683
BR_0237,399,399,140,140,416,10.85148740823944
BR_0218,1278,1278,0,0,1343,10.845565383695913
BR_0219,1250,1250,0,0,1304,10.573392302175474
BR_0177,1235,1235,0,0,1301,10.49103514224241
BR_0178,1219,1219,0,0,1283,10.35070523547693
BR_0442,1231,1231,0,0,1252,10.298151247111324
BR_0591,1218,1218,0,0,1241,10.196987807793448
BR_0195,1187,1187,0,0,1238,10.03813052832895
BR_0589,1185,1185,0,0,1209,9.925731133954898
BR_0443,1152,1152,5,5,1173,9.908000112376616
BR_0196,1158,1158,0,0,1207,9.789544983664037
BR_0641,1169,1169,0,0,1190,9.781855127898638
BR_0588,1146,1146,0,0,1168,9.593872021675034
BR_0433,1112,1112,4,4,1140,9.5461865270676
BR_0116,170,170,149,149,177,9.390939805911403
BR_0599,1045,1045,9,9,1080,9.280786368506295
BR_0306,1103,1103,0,0,1115,9.20033468802295
BR_0580,628,628,72,72,652,9.142418129499085
BR_0186,1079,1079,0,0,1127,9.128137700215158
BR_0305,1083,1083,0,0,1095,9.033787552793052
BR_0527,1064,1064,1,1,1082,8.950386379954008
BR_0456,961,961,14,14,1000,8.863182847127234
BR_0526,1056,1056,0,0,1074,8.830225515977368
BR_0590,995,995,8,8,1015,8.757685031185169
BR_0451,224,224,127,127,227,8.648508456406079
BR_0632,892,892,21,21,925,8.642112704032154
BR_0394,996,996,4,4,1036,8.62276633422355
BR_0253,140,140,138,138,144,8.541518696462749
BR_0587,1020,1020,0,0,1040,8.53753287114511
BR_0263,1000,1000,0,0,1036,8.427723324567694
BR_0342,539,539,72,72,547,8.344545789073553
BR_0176,976,976,1,1,997,8.228217282814793
BR_0524,973,973,0,0,991,8.139054904773289
BR_0222,482,482,72,72,508,7.933716240902385
BR_0536,937,937,0,0,963,7.867638855685712
BR_0700,129,129,127,127,133,7.860955663354839
BR_0188,744,744,28,28,775,7.777365773942095
BR_0607,911,911,0,0,943,7.672404175631524
BR_0373,913,913,0,0,937,7.660690094828273
BR_0136,125,125,123,123,130,7.617024296060923
BR_0598,742,742,25,25,777,7.614269427928189
BR_0479,893,893,0,0,925,7.522511753924615
BR_0340,896,896,0,0,913,7.494302334847399
BR_0436,852,852,2,2,882,7.281081947891121
BR_0341,767,767,16,16,784,7.276745470769411
BR_0455,743,743,16,16,784,7.161995291472255
BR_0535,846,846,0,0,869,7.099211092517331
BR_0463,715,715,18,18,729,6.940168641068691
BR_0023,791,791,6,6,805,6.930543636326162
BR_0652,776,776,8,8,792,6.9198095032546565
BR_0649,780,780,6,6,796,6.8460349105312766
BR_0271,372,372,70,70,379,6.843247090843761
BR_0522,815,815,0,0,836,6.833970834329429
BR_0633,810,810,0,0,842,6.831341142720536
BR_0476,130,130,107,107,139,6.816173318876659
BR_0528,807,807,1,1,824,6.806709592959027
BR_0242,810,810,0,0,834,6.802972348394294
BR_0517,802,802,0,0,834,6.764722288628576
BR_0525,803,803,0,0,822,6.726950354609929
BR_0691,147,147,101,101,156,6.636486324514001
BR_0650,780,780,1,1,796,6.578324861107883
BR_0518,776,776,0,0,807,6.544664913538928
BR_0595,771,771,0,0,804,6.510120328313013
BR_0651,778,778,0,0,794,6.508128137700215
BR_0586,771,771,0,0,791,6.464021037532872
BR_0243,758,758,1,1,783,6.427037905972016
BR_0523,756,756,0,0,773,6.328472388238107
BR_0679,165,165,92,92,173,6.300954557968021
BR_0197,740,740,0,0,779,6.27324886445135
BR_0515,695,695,7,7,721,6.227212588596688
BR_0592,745,745,0,0,756,6.215594868116982
BR_0272,648,648,14,14,663,6.171613797800595
BR_0766,179,179,87,87,189,6.156919701787115
BR_0021,736,736,0,0,750,6.151286955135868
BR_0022,736,736,0,0,750,6.151286955135868
BR_0230,734,734,0,0,752,6.148816638775998
BR_0229,733,733,0,0,750,6.136943182723723
BR_0189,721,721,1,1,751,6.136656202250604
BR_0519,724,724,0,0,755,6.111642361941191
BR_0187,720,720,0,0,760,6.110247828512232
BR_0481,248,248,75,75,251,6.064180504678661
BR_0231,708,708,0,0,726,5.932305362977129
BR_0220,691,691,1,1,733,5.929388690895118
BR_0221,701,701,0,0,731,5.916567057136028
BR_0266,704,704,0,0,719,5.8883576380588085
BR_0049,544,544,25,25,556,5.883892505464247
BR_0540,696,696,0,0,715,5.835923181129971
BR_0074,392,392,47,47,405,5.799604594470729
BR_0516,685,685,0,0,716,5.786875448242888
BR_0117,600,600,14,14,610,5.754170176794938
BR_0296,688,688,0,0,702,5.75157383058411
BR_0669,651,651,4,4,665,5.657629669947513
BR_0276,672,672,0,0,687,5.621882221690971
BR_0748,670,670,0,0,686,5.608773607458762
BR_0190,598,598,10,10,627,5.590723310258055
BR_0379,642,642,4,4,657,5.586229558384838
BR_0273,667,667,0,0,682,5.580245437883496
BR_0192,653,653,1,1,682,5.5668498431781686
BR_0223,416,416,37,37,430,5.4675871571906
BR_0541,649,649,0,0,671,5.455175711212048
BR_0520,632,632,0,0,662,5.341979440592876
BR_0726,100,100,84,84,106,5.324248090811859
BR_0378,636,636,0,0,651,5.322097378277153
BR_0603,624,624,0,0,655,5.278906685791696
BR_0454,588,588,5,5,619,5.246831891801273
BR_0405,577,577,5,5,607,5.151684868134048
BR_0739,500,500,17,17,513,5.09269882817182
BR_0514,598,598,0,0,624,5.044664913538927
BR_0715,601,601,0,0,613,5.02000159375249
BR_0036,83,83,81,81,87,5.0149647976308485
BR_0191,585,585,0,0,618,4.9612319706749535
BR_0676,586,586,1,1,597,4.945087152923965
BR_0677,586,586,0,0,597,4.891545143039286
BR_0675,585,585,0,0,596,4.8832177862777915
BR_0747,567,567,0,0,583,4.751055861024783
BR_0251,298,298,42,42,309,4.742030810885251
BR_0659,238,238,51,51,246,4.713629196285323
BR_0232,560,560,0,0,581,4.710494860148219
BR_0295,561,561,0,0,574,4.690453422583473
BR_0634,500,500,6,6,535,4.581750903837517
BR_0785,527,527,3,3,539,4.564403223055901
BR_0035,466,466,12,12,474,4.524128152403698
BR_0774,103,103,68,68,112,4.5031963008138245
BR_0552,531,531,0,0,558,4.490278109809546
BR_0193,522,522,1,1,549,4.468873908840771
BR_0561,527,527,0,0,554,4.456968682763567
BR_0742,348,348,28,28,357,4.401718311992935
BR_0655,139,139,60,60,153,4.392375561604113
BR_0262,510,510,0,0,542,4.333134114272053
BR_0028,505,505,2,2,514,4.317021066545993
BR_0227,498,498,2,2,514,4.283552264250989
BR_0547,368,368,21,21,386,4.225386271647103
BR_0029,503,503,0,0,511,4.189736233962866
BR_0354,467,467,5,5,481,4.178938035717122
BR_0553,493,493,0,0,519,4.1702924535819585
BR_0228,496,496,0,0,514,4.166905729540202
BR_0037,178,178,50,50,184,4.153353582129387
BR_0718,80,80,65,65,87,4.143948867063845
BR_0563,485,485,0,0,511,4.1036735994899995
BR_0562,334,334,24,24,352,4.102882171410312
BR_0551,483,483,0,0,512,4.09765718383935
BR_0026,481,481,0,0,492,4.017172683082317
BR_0027,481,481,0,0,491,4.013626583791537
BR_0635,470,470,0,0,501,3.9964937445214765
BR_0513,466,466,0,0,489,3.934815523149255
BR_0194,462,462,0,0,487,3.908598294684835
BR_0482,323,323,22,22,329,3.8616440357751483
BR_0401,449,449,0,0,480,3.8216192525300823
BR_0629,442,442,1,1,472,3.813323665793516
BR_0521,446,446,0,0,481,3.8108215794087172
BR_0353,454,454,0,0,467,3.7994262491035142
BR_0260,444,444,0,0,475,3.7799824687226073
BR_0574,413,413,5,5,439,3.771813962085757
BR_0554,413,413,5,5,438,3.7682678627949766
BR_0437,444,444,0,0,468,3.7551597736871467
BR_0565,442,442,0,0,468,3.745597258745717
BR_0375,165,165,44,44,172,3.7273919842126606
BR_0564,440,440,0,0,465,3.7253964459319473
BR_0738,398,398,7,7,408,3.697250041780208
BR_0566,436,436,0,0,462,3.6956331181767474
BR_0567,436,436,0,0,461,3.6920870188859674
BR_0596,182,182,39,39,207,3.665076786968723
BR_0724,107,107,51,51,115,3.6227454605294858
BR_0052,323,323,17,17,333,3.608118383514875
BR_0261,420,420,0,0,451,3.580125906446729
BR_0542,425,425,0,0,443,3.5756633994740614
BR_0543,425,425,0,0,443,3.5756633994740614
BR_0073,418,418,0,0,436,3.5173719021435974
BR_0453,411,411,0,0,441,3.5016335963024945
BR_0573,407,407,0,0,433,3.454139772093394
BR_0643,407,407,0,0,431,3.447047573511834
BR_0459,401,401,0,0,436,3.4360905251414455
BR_0058,408,408,0,0,426,3.434098334528648
BR_0621,406,406,0,0,421,3.4068053231333173
BR_0056,404,404,0,0,422,3.400788907482668
BR_0057,403,403,0,0,421,3.392461550721173
BR_0307,359,359,7,7,369,3.372483128081906
BR_0143,393,393,1,1,410,3.3591838937001226
BR_0445,312,312,14,14,322,3.3558914294843945
BR_0508,140,140,40,40,155,3.333408819962813
BR_0118,398,398,0,0,409,3.3260020718782375
BR_0597,390,390,0,0,419,3.32321300502032
BR_0601,59,59,52,52,65,3.269482147280847
BR_0432,383,383,0,0,407,3.247191011235955
BR_0270,390,390,0,0,397,3.2451988206231572
BR_0162,380,380,0,0,406,3.229301139533031
BR_0557,381,381,0,0,403,3.223444099131405
BR_0745,299,299,13,13,317,3.2224625760265235
BR_0585,378,378,0,0,400,3.19846202884692
BR_0055,379,379,0,0,394,3.1819666905729544
BR_0054,379,379,0,0,394,3.1819666905729544
BR_0164,372,372,0,0,398,3.162682285441071
BR_0636,368,368,0,0,403,3.1612877520121123
BR_0558,373,373,0,0,395,3.156825245039445
BR_0735,184,184,30,30,192,3.1395697235863422
BR_0555,371,371,0,0,392,3.136624432225675
BR_0763,374,374,0,0,384,3.122599410311579
BR_0267,297,297,12,12,306,3.120350959001833
BR_0593,366,366,0,0,393,3.1162642441628816
BR_0269,358,358,2,2,368,3.096445721897017
BR_0452,361,361,0,0,391,3.0852657582277474
BR_0581,360,360,0,0,386,3.0627540043031316
BR_0716,366,366,0,0,377,3.0595266555103993
BR_0717,365,365,0,0,376,3.0511992987489043
BR_0509,220,220,22,22,239,3.050025580121311
BR_0575,361,361,0,0,381,3.049804765319946
BR_0576,361,361,0,0,379,3.042712566738386
BR_0402,355,355,0,0,386,3.0388477169495576
BR_0140,357,357,0,0,381,3.0306797354370865
BR_0560,359,359,0,0,377,3.026057853215396
BR_0034,361,361,0,0,370,3.010797673121364
BR_0141,354,354,0,0,378,3.005697665152602
BR_0746,355,355,0,0,373,2.992748426169416
BR_0529,348,348,0,0,369,2.9450952267112918
BR_0403,340,340,0,0,376,2.931667861981035
BR_0033,325,325,4,4,334,2.9251808692462613
BR_0024,62,62,45,45,68,2.91967014837258
BR_0072,346,346,0,0,360,2.903617818152841
BR_0265,344,344,0,0,355,2.8763248067575105
BR_0091,339,339,0,0,360,2.8701490158578373
BR_0571,327,327,1,1,358,2.8592237375123783
BR_0092,337,337,0,0,358,2.8534943023348474
BR_0678,97,97,38,38,105,2.843425764413712
BR_0512,334,334,0,0,354,2.8249661327595823
BR_0556,333,333,0,0,351,2.809546577416527
BR_0572,327,327,0,0,358,2.8056817276276993
BR_0458,325,325,0,0,351,2.771296517650809
BR_0268,324,324,1,1,334,2.75977358212151
BR_0166,326,326,0,0,337,2.726432385050602
BR_0544,296,296,4,4,315,2.7191485160707094
BR_0020,322,322,0,0,339,2.7143995537493026
BR_0019,320,320,0,0,337,2.6977448402263127
BR_0417,317,317,0,0,341,2.6975854649772892
BR_0672,47,47,43,43,54,2.6912218764715785
BR_0075,194,194,20,20,203,2.690969291645284
BR_0051,321,321,0,0,333,2.6883417005339076
BR_0683,320,320,0,0,333,2.6835604430631923
BR_0264,319,319,0,0,332,2.6752330863016973
BR_0582,312,312,0,0,340,2.6701330783329347
BR_0165,314,314,0,0,337,2.669057295402024
BR_0018,314,314,0,0,337,2.669057295402024
BR_0744,293,293,4,4,304,2.6657976514599837
BR_0531,313,313,0,0,333,2.650091640768189
BR_0050,313,313,0,0,325,2.6217228464419478
BR_0530,308,308,0,0,327,2.604908757669934
BR_0025,183,183,20,20,191,2.59582226797806
BR_0496,302,302,0,0,329,2.583313411427205
BR_0017,303,303,0,0,327,2.58100247031636
BR_0043,301,301,1,1,314,2.578882674479467
BR_0090,304,304,0,0,323,2.571599330623954
BR_0682,306,306,0,0,319,2.5669774484022634
BR_0274,308,308,0,0,316,2.5659016654713525
BR_0438,302,302,0,0,322,2.558490716391744
BR_0404,296,296,0,0,328,2.551079767312136
BR_0275,301,301,0,0,319,2.5430711610486894
BR_0532,299,299,0,0,319,2.5335086461072596
BR_0047,296,296,0,0,322,2.5298031715674556
BR_0142,298,298,0,0,319,2.528727388636545
BR_0060,200,200,16,16,209,2.526765392675539
BR_0733,299,299,0,0,313,2.5122320503625786
BR_0570,291,291,0,0,321,2.5023507849231015
BR_0619,221,221,12,12,232,2.494564043709778
BR_0259,293,293,0,0,311,2.4764523069567295
BR_0569,287,287,0,0,317,2.469041357877122
BR_0110,95,95,31,31,101,2.444884783116411
BR_0483,261,261,5,5,269,2.442225947104484
BR_0734,201,201,14,14,214,2.442193126830797
BR_0044,288,288,0,0,303,2.4241772252769147
BR_0137,289,289,0,0,300,2.418320184875289
BR_0559,286,286,0,0,304,2.418160809626265
BR_0684,287,287,0,0,302,2.41584986851542
BR_0233,286,286,0,0,303,2.414614710335485
BR_0685,286,286,0,0,299,2.4004303131723645
BR_0048,280,280,0,0,306,2.3965654633835367
BR_0046,280,280,0,0,300,2.375288867638856
BR_0583,249,249,5,5,264,2.3671203610020055
BR_0045,280,280,0,0,294,2.354012271894175
BR_0439,276,276,0,0,291,2.324248944138975
BR_0081,58,58,34,34,65,2.3009447118859145
BR_0030,273,273,0,0,282,2.2779902781098094
BR_0550,267,267,0,0,290,2.277671527611762
BR_0161,268,268,0,0,287,2.2718144872101362
BR_0511,263,263,0,0,282,2.2301777034026617
BR_0031,267,267,0,0,276,2.22802613754084
BR_0737,266,266,0,0,277,2.2267909793609055
BR_0335,263,263,0,0,279,2.2195394055303215
BR_0568,257,257,0,0,287,2.2192206550322737
BR_0144,259,259,0,0,280,2.203960474938242
BR_0138,261,261,0,0,276,2.199338592716551
BR_0687,210,210,8,8,219,2.1817028812130586
BR_0139,256,256,0,0,277,2.1789784046537575
BR_0250,260,260,0,0,268,2.1661885409195953
BR_0467,222,222,5,5,237,2.142281728441642
BR_0431,251,251,0,0,270,2.1302494222647224
BR_0042,255,255,0,0,264,2.1280978564029005
BR_0163,203,203,8,8,212,2.1234113838825937
BR_0740,249,249,0,0,259,2.081679815124711
BR_0377,185,185,10,10,193,2.077056882654262
BR_0783,190,190,9,9,198,2.0651516565770582
BR_0248,247,247,0,0,256,2.061479002310941
BR_0015,241,241,0,0,264,2.0611602518128933
BR_0332,143,143,16,16,151,2.0485599579795473
BR_0477,244,244,0,0,254,2.0400430313172366
BR_0355,242,242,0,0,256,2.037572714957367
BR_0356,241,241,0,0,255,2.029245358195872
BR_0016,235,235,0,0,258,2.011196111243924
BR_0732,237,237,0,0,250,1.992389831859112
BR_0041,238,238,0,0,246,1.9829866921667065
BR_0249,237,237,0,0,247,1.9817515339867717
BR_0736,236,236,0,0,247,1.9769702765160573
BR_0686,37,37,31,31,42,1.958351991658924
BR_0533,225,225,0,0,246,1.9208303450474142
BR_0418,225,225,0,0,246,1.9208303450474142
BR_0546,224,224,0,0,244,1.908956888995139
BR_0247,224,224,0,0,233,1.8699497967965573
BR_0299,212,212,0,0,241,1.840943501474221
BR_0681,213,213,0,0,226,1.7925332695832337
BR_0729,211,211,0,0,221,1.7652402581879034
BR_0323,206,206,0,0,221,1.7413339708343294
BR_0534,202,202,0,0,222,1.7257550402422503
BR_0333,196,196,1,1,205,1.6903258173593778
BR_0743,202,202,0,0,211,1.686747948043669
BR_0510,198,198,0,0,216,1.6853534146147102
BR_0224,79,79,19,19,89,1.6833273534794675
BR_0730,201,201,0,0,211,1.681966690572954
BR_0680,200,200,0,0,212,1.6807315323930192
BR_0416,193,193,0,0,213,1.650808829388796
BR_0613,197,197,0,0,205,1.6415650649454139
BR_0053,196,196,0,0,205,1.636783807474699
BR_0721,170,170,4,4,179,1.6344405712145456
BR_0059,194,194,0,0,203,1.6201290939517092
BR_0246,186,186,1,1,193,1.5999600511628682
BR_0089,186,186,0,0,207,1.5960634313491115
BR_0765,172,172,3,3,179,1.5904610762712965
BR_0007,186,186,0,0,204,1.5854251334767708
BR_0167,34,34,24,24,43,1.5727602493448087
BR_0040,189,189,0,0,195,1.567854012271894
BR_0038,142,142,7,7,149,1.5548084129651634
BR_0545,181,181,0,0,199,1.5437883496692963
BR_0002,180,180,0,0,197,1.5319148936170213
BR_0334,182,182,0,0,190,1.51665471352299
BR_0109,136,136,7,7,146,1.5154825702685342
BR_0578,180,180,0,0,191,1.5106382978723403
BR_0577,180,180,0,0,191,1.5106382978723403
BR_0255,178,178,0,0,192,1.504621882221691
BR_0245,77,77,16,16,84,1.495408312430101
BR_0764,173,173,1,1,180,1.491704413263434
BR_0302,37,37,22,22,43,1.4800200019875958
BR_0741,176,176,0,0,186,1.4737827715355805
BR_0499,164,164,0,0,192,1.4376842776316838
BR_0731,170,170,0,0,182,1.430910829548171
BR_0719,171,171,0,0,179,1.4250537891465456
BR_0497,162,162,0,0,188,1.4139373655271337
BR_0787,125,125,7,7,132,1.4132433480197495
BR_0347,161,161,1,1,172,1.4059605292886155
BR_0498,160,160,0,0,186,1.3972826520041437
BR_0608,165,165,0,0,179,1.3963662443222566
BR_0579,164,164,0,0,174,1.3738544903976413
BR_0112,47,47,18,18,53,1.3491255300638303
BR_0252,161,161,0,0,171,1.3488724201131563
BR_0712,161,161,0,0,171,1.3488724201131563
BR_0711,161,161,0,0,171,1.3488724201131563
BR_0326,160,160,0,0,172,1.347637261933222
BR_0301,159,159,0,0,173,1.3464021037532872
BR_0327,157,157,0,0,171,1.3297473902302972
BR_0372,154,154,0,0,173,1.3224958163997131
BR_0710,155,155,0,0,168,1.3095465774165274
BR_0345,23,23,21,21,27,1.3028027988604276
BR_0728,155,155,0,0,164,1.2953621802534068
BR_0300,146,146,1,1,161,1.295234575029312
BR_0630,143,143,0,0,166,1.2450792891863893
BR_0008,138,138,1,1,157,1.2428001181004729
BR_0039,139,139,1,1,148,1.2156664819541663
BR_0786,146,146,0,0,153,1.213323770818392
BR_0328,143,143,0,0,157,1.213164395569368
BR_0106,143,143,0,0,153,1.1989799984062475
BR_0319,143,143,0,0,153,1.1989799984062475
BR_0320,143,143,0,0,152,1.1954338991154674
BR_0782,143,143,0,0,151,1.1918877998246873
BR_0660,73,73,11,11,77,1.183750538088387
BR_0135,142,142,0,0,150,1.1835604430631923
BR_0122,88,88,8,8,102,1.1834958527645765
BR_0093,78,78,10,10,84,1.1789375105927433
BR_0111,140,140,0,0,150,1.1739979281217627
BR_0415,85,85,8,8,99,1.1585137824800915
BR_0349,97,97,6,6,109,1.144265845267113
BR_0097,135,135,0,0,146,1.1359072436050681
BR_0107,134,134,0,0,145,1.1275798868435731
BR_0500,131,131,0,0,149,1.1274205115945493
BR_0501,130,130,0,0,148,1.1190931548330545
BR_0329,131,131,0,0,145,1.113236114431429
BR_0013,127,127,0,0,148,1.10474938242091
BR_0158,128,128,0,0,146,1.1024384413100647
BR_0159,127,127,0,0,145,1.0941110845485695
BR_0014,125,125,0,0,146,1.08809466889792
BR_0001,126,126,0,0,139,1.0680532313331739
BR_0000,126,126,0,0,139,1.0680532313331739
BR_0357,125,125,0,0,139,1.063271973862459
BR_0548,123,123,0,0,141,1.0608016575025898
BR_0584,123,123,0,0,140,1.0572555582118097
BR_0098,125,125,0,0,137,1.0561797752808988
BR_0689,119,119,1,1,127,1.0455732474334876
BR_0071,123,123,0,0,132,1.0288867638855685
BR_0070,123,123,0,0,132,1.0288867638855685
BR_0618,123,123,0,0,131,1.0253406645947885
BR_0653,119,119,0,0,135,1.02040003187505
BR_0674,26,26,15,15,33,1.0171711077091803
BR_0123,119,119,0,0,134,1.0168539325842696
BR_0752,116,116,0,0,134,1.0025101601721254
BR_0346,93,93,4,4,103,0.9967801998702155
BR_0330,116,116,0,0,130,0.9883257630090048
BR_0709,116,116,0,0,130,0.9883257630090048
BR_0371,112,112,0,0,132,0.9762929317077058
BR_0753,114,114,0,0,129,0.9752171487767951
BR_0688,116,116,0,0,125,0.9705952665551041
BR_0099,115,115,0,0,126,0.9693601083751693
BR_0124,113,113,0,0,128,0.9668897920152999
BR_0068,113,113,0,0,122,0.9456131962706191
BR_0505,108,108,0,0,127,0.939437405370946
BR_0348,83,83,4,4,99,0.9347832279999471
BR_0256,109,109,0,0,124,0.9335803649693202
BR_0549,107,107,0,0,125,0.9275639493186709
BR_0084,109,109,0,0,121,0.9229420670969799
BR_0069,110,110,0,0,119,0.9206311259861344
BR_0727,109,109,0,0,118,0.9123037692246394
BR_0108,108,108,0,0,118,0.9075225117539247
BR_0103,17,17,14,14,23,0.885136787680267
BR_0113,106,106,0,0,113,0.8802295003585943
BR_0506,96,96,1,1,111,0.8788667369545649
BR_0703,102,102,0,0,116,0.8717427683480756
BR_0325,103,103,0,0,114,0.8694318272372301
BR_0082,91,91,2,2,99,0.8659492679963079
BR_0096,103,103,0,0,112,0.8623396286556697
BR_0504,99,99,0,0,117,0.8609450952267113
BR_0704,100,100,0,0,115,0.8586341541158657
BR_0114,103,103,0,0,110,0.8552474300741095
BR_0125,100,100,0,0,114,0.8550880548250857
BR_0102,51,51,8,8,59,0.8541070568445827
BR_0318,102,102,0,0,111,0.8540122718941748
BR_0003,99,99,0,0,114,0.8503067973543709
BR_0115,101,101,0,0,110,0.84568491513268
BR_0447,98,98,0,0,112,0.8384333413020957
BR_0760,36,36,10,10,43,0.8327346259007359
BR_0690,99,99,0,0,107,0.8254841023189099
BR_0705,96,96,0,0,111,0.825324727069886
BR_0631,96,96,0,0,111,0.825324727069886
BR_0350,60,60,6,6,68,0.8219692479286796
BR_0336,97,97,0,0,108,0.8194676866682605
BR_0503,93,93,0,0,112,0.8145270539485219
BR_0119,94,94,0,0,110,0.8122161128376764
BR_0713,97,97,0,0,105,0.80882938879592
BR_0100,96,96,0,0,106,0.8075942306159853
BR_0085,95,95,0,0,106,0.8028129731452707
BR_0321,95,95,0,0,105,0.7992668738544904
BR_0722,96,96,0,0,103,0.7969559327436448
BR_0083,95,95,0,0,104,0.7957207745637103
BR_0714,95,95,0,0,103,0.7921746752729302
BR_0446,93,93,0,0,104,0.7861582596222807
BR_0502,89,89,0,0,108,0.781217626902542
BR_0702,91,91,0,0,105,0.7801418439716312
BR_0157,88,88,0,0,105,0.7657980715594868
BR_0101,91,91,0,0,100,0.7624113475177305
BR_0723,88,88,0,0,104,0.7622519722687067
BR_0424,87,87,0,0,103,0.7539246155072117
BR_0244,65,65,4,4,72,0.7529759126760167
BR_0706,87,87,0,0,102,0.7503785162164316
BR_0507,87,87,0,0,102,0.7503785162164316
BR_0671,88,88,0,0,98,0.7409753765240258
BR_0772,89,89,0,0,95,0.7351183361224001
BR_0611,88,88,0,0,96,0.7338831779424655
BR_0309,88,88,0,0,96,0.7338831779424655
BR_0773,89,89,0,0,93,0.7280261375408399
BR_0775,67,67,3,3,77,0.7267269141866683
BR_0656,75,75,2,2,81,0.7256193612308286
BR_0708,83,83,0,0,98,0.7170690891704519
BR_0620,51,51,5,5,65,0.7147576229352273
BR_0658,78,78,1,1,84,0.6970594216306345
BR_0707,80,80,0,0,96,0.6956331181767472
BR_0225,82,82,0,0,91,0.6874651366642761
BR_0226,82,82,0,0,91,0.6874651366642761
BR_0612,82,82,0,0,90,0.6839190373734958
BR_0095,82,82,0,0,89,0.6803729380827157
BR_0094,82,82,0,0,89,0.6803729380827157
BR_0145,76,76,0,0,97,0.6800541875846682
BR_0754,78,78,0,0,94,0.6789784046537573
BR_0234,79,79,0,0,92,0.6766674635429117
BR_0004,79,79,0,0,92,0.6766674635429117
BR_0257,78,78,0,0,93,0.6754323053629772
BR_0376,80,80,0,0,86,0.6601721252689458
BR_0078,77,77,0,0,89,0.6564666507291418
BR_0662,77,77,0,0,89,0.6564666507291418
BR_0126,77,77,0,0,88,0.6529205514383616
BR_0665,77,77,0,0,87,0.6493744521475815
BR_0670,76,76,0,0,88,0.6481392939676469
BR_0086,78,78,0,0,85,0.647063511036736
BR_0657,77,77,0,0,83,0.6351900549844609
BR_0079,76,76,0,0,83,0.6304087975137462
BR_0134,61,61,2,2,73,0.6303129623145802
BR_0602,54,54,3,3,64,0.6184712762872341
BR_0133,71,71,0,0,85,0.6135947087417324
BR_0076,71,71,0,0,85,0.6135947087417324
BR_0121,70,70,0,0,85,0.6088134512710177
BR_0120,69,69,0,0,84,0.6004860945095227
BR_0088,67,67,0,0,86,0.5980157781496533
BR_0762,71,71,0,0,80,0.5958642122878317
BR_0664,70,70,0,0,80,0.5910829548171169
BR_0776,70,70,0,0,80,0.5910829548171169
BR_0156,67,67,0,0,84,0.5909235795680932
BR_0368,71,71,0,0,78,0.5887720137062714
BR_0369,69,69,0,0,80,0.5863016973464021
BR_0061,66,66,0,0,80,0.5719579249342577
BR_0469,63,63,0,0,81,0.5611602518128935
BR_0308,64,64,0,0,74,0.5411188142481472
BR_0067,64,64,0,0,73,0.537572714957367
BR_0131,63,63,0,0,74,0.5363375567774324
BR_0777,63,63,0,0,73,0.5327914574866524
BR_0663,63,63,0,0,73,0.5327914574866524
BR_0066,63,63,0,0,72,0.5292453581958723
BR_0132,60,60,0,0,71,0.5113554864929477
BR_0155,57,57,0,0,73,0.5041039126623634
BR_0666,60,60,0,0,68,0.5007171886206072
BR_0423,54,54,0,0,76,0.5003984381225596
BR_0450,55,55,0,0,74,0.49808749701171406
BR_0425,56,56,0,0,71,0.49223045661008846
BR_0331,46,46,2,2,54,0.4912182137290355
BR_0470,53,53,0,0,71,0.4778866841979441
BR_0778,56,56,0,0,66,0.4744999601561878
BR_0280,51,51,0,0,72,0.4718702685472945
BR_0282,52,52,0,0,70,0.4695593274364491
BR_0080,54,54,0,0,66,0.4649374452147582
BR_0761,56,56,0,0,63,0.4638616622838473
BR_0367,56,56,0,0,63,0.4638616622838473
BR_0284,51,51,0,0,68,0.45768587138417405
BR_0283,51,51,0,0,68,0.45768587138417405
BR_0127,51,51,0,0,64,0.44350147422105346
BR_0661,55,55,0,0,58,0.4413499083592318
BR_0352,48,48,0,0,65,0.4327038010996892
BR_0751,49,49,0,0,63,0.43039285998884375
BR_0279,47,47,0,0,64,0.4243764443381943
BR_0032,19,19,5,5,25,0.4199134122411481
BR_0449,46,46,0,0,64,0.4195951868674795
BR_0311,42,42,1,1,54,0.41855117396149755
BR_0130,46,46,0,0,60,0.4054107897043589
BR_0339,45,45,0,0,60,0.40062953223364406
BR_0322,48,48,0,0,55,0.3972428081918878
BR_0448,44,44,0,0,58,0.388756076181369
BR_0316,44,44,0,0,57,0.3852099768905889
BR_0317,44,44,0,0,57,0.3852099768905889
BR_0012,43,43,0,0,58,0.3839748187106542
BR_0105,40,40,1,1,46,0.3806198646938269
BR_0779,45,45,0,0,54,0.37935293648896323
BR_0780,45,45,0,0,54,0.37935293648896323
BR_0771,47,47,0,0,51,0.37827715355805247
BR_0770,47,47,0,0,51,0.37827715355805247
BR_0604,45,45,0,0,52,0.372260737907403
BR_0281,41,41,0,0,57,0.37086620447844454
BR_0426,41,41,0,0,56,0.36732010518766434
BR_0087,43,43,0,0,51,0.3591521236751932
BR_0285,41,41,0,0,53,0.35668180731532395
BR_0312,41,41,0,0,52,0.3531357080245438
BR_0366,40,40,0,0,53,0.35190054984460917
BR_0468,39,39,0,0,52,0.3435731930831142
BR_0010,37,37,0,0,52,0.3340106781416846
BR_0622,37,37,0,0,51,0.3304645788509044
BR_0011,36,36,0,0,52,0.32922942067096983
BR_0217,24,24,1,1,52,0.3253963409070709
BR_0128,38,38,0,0,48,0.32460753844927887
BR_0471,37,37,0,0,49,0.3233723802693441
BR_0129,37,37,0,0,47,0.31628018168778393
BR_0324,36,36,0,0,46,0.30795282492628895
BR_0150,31,31,0,0,50,0.2982309347358355
BR_0005,24,24,2,2,29,0.2973780671038065
BR_0287,33,33,0,0,45,0.2900629532233644
BR_0365,32,32,0,0,44,0.2817355964618695
BR_0286,31,31,0,0,43,0.27340823970037453
BR_0472,31,31,0,0,43,0.27340823970037453
BR_0160,31,31,0,0,42,0.2698621404095944
BR_0154,31,31,0,0,42,0.2698621404095944
BR_0610,31,31,0,0,42,0.2698621404095944
BR_0153,29,29,0,0,40,0.25320742688660447
BR_0473,29,29,0,0,39,0.24966132759582435
BR_0362,26,26,0,0,40,0.2388636544744601
BR_0427,26,26,0,0,40,0.2388636544744601
BR_0168,15,15,2,2,23,0.23307015412269244
BR_0343,20,20,1,1,26,0.21407272946392808
BR_0009,26,26,0,0,33,0.2140409594389991
BR_0654,25,25,0,0,34,0.21280580125906445
BR_0236,19,19,1,1,25,0.20574537270243315
BR_0600,22,22,0,0,35,0.2020081281377002
BR_0258,22,22,0,0,35,0.2020081281377002
BR_0673,24,24,0,0,32,0.20093234520678938
BR_0169,24,24,0,0,32,0.20093234520678938
BR_0062,5,5,3,3,12,0.19979249710164163
BR_0065,23,23,0,0,33,0.1996971870268547
BR_0361,12,12,2,2,17,0.19744978596586718
BR_0315,22,22,0,0,33,0.1949159295561399
BR_0789,5,5,3,3,10,0.19270029852008133
BR_0351,23,23,0,0,31,0.19260498844529444
BR_0725,5,5,3,3,8,0.18560809993852104
BR_0422,18,18,0,0,33,0.17579089967328074
BR_0364,20,20,0,0,30,0.1747151167423699
BR_0623,18,18,0,0,32,0.1722448003825006
BR_0750,19,19,0,0,29,0.16638775998087496
BR_0667,20,20,0,0,27,0.16407681887002948
BR_0668,20,20,0,0,27,0.16407681887002948
BR_0344,12,12,1,1,18,0.14745387537196858
BR_0235,10,10,1,1,18,0.13789136043053896
BR_0363,15,15,0,0,26,0.13662443222567539
BR_0310,4,4,2,2,10,0.1343770311646878
BR_0720,4,4,2,2,9,0.13083093187390765
BR_0146,8,8,0,0,26,0.10315562993067177
BR_0064,11,11,0,0,20,0.09622280659813531
BR_0314,10,10,0,0,21,0.09498764841820065
BR_0152,10,10,0,0,21,0.09498764841820065
BR_0370,11,11,0,0,18,0.08913060801657502
BR_0781,8,8,0,0,22,0.08897123276755119
BR_0421,9,9,0,0,17,0.07602199378436529
BR_0313,6,6,0,0,17,0.0616782213722209
BR_0784,9,9,0,0,12,0.058291497330464584
BR_0149,4,4,0,0,15,0.045023507849231016
BR_0148,4,4,0,0,15,0.045023507849231016
BR_0151,4,4,0,0,15,0.045023507849231016
BR_0147,3,3,0,0,14,0.03669615108773607
BR_0648,5,5,0,0,10,0.0320742688660451
BR_0430,2,2,0,0,13,0.028368794326241134
BR_0428,2,2,0,0,13,0.028368794326241134
BR_0429,2,2,0,0,13,0.028368794326241134
BR_0338,3,3,0,0,11,0.026057853215395648
BR_0767,2,2,0,0,11,0.02127659574468085
BR_0769,2,2,0,0,11,0.02127659574468085
BR_0768,2,2,0,0,11,0.02127659574468085
BR_0077,2,2,0,0,9,0.014184397163120567
BR_0303,2,2,0,0,9,0.014184397163120567
BR_0063,2,2,0,0,9,0.014184397163120567
BR_0624,2,2,0,0,9,0.014184397163120567
BR_0104,3,3,0,0,7,0.011873456052275081
BR_0755,2,2,0,0,8,0.010638297872340425
BR_0790,2,2,0,0,7,0.0070921985815602835
BR_0788,2,2,0,0,7,0.0070921985815602835
BR_0609,2,2,0,0,7,0.0070921985815602835
BR_0006,2,2,0,0,6,0.0035460992907801418
BR_0647,2,2,0,0,5,0.0
